Rue,Occurrences
Principale,415
Érables,388
Église,379
Pins,323
Parc,286
Cèdres,277
Bouleaux,276
Saint-Joseph,260
Montagne,229
Moulin,216
Bellevue,204
Saint-Pierre,196
Rivière,191
Lac,191
Roy,191
Saint-Louis,189
Ruisseau,168
Saint-Jean,165
Peupliers,155
Saules,154
Gagnon,150
Lilas,139
Saint-Charles,138
Mélèzes,138
Domaine,137
2e Avenue,136
Sainte-Anne,136
Épinettes,135
1re Avenue,135
Chênes,128
Notre-Dame,127
Morin,127
Boisé,126
Quai,125
Saint-Paul,124
Tremblay,123
Richard,122
Bélanger,122
Mésanges,122
Martin,121
Sainte-Marie,119
3e Avenue,119
Sapins,119
Robert,119
Hirondelles,118
Côté,117
Ormes,117
4e Rang,116
Trembles,116
Saint-Georges,112
Saint-François,111
Gauthier,111
Pionniers,109
Merisiers,108
4e Avenue,107
Fabrique,107
Pelletier,104
6e Rang,104
Saint-Jacques,102
2e Rang,101
Saint-André,101
Champlain,100
Colline,100
5e Avenue,99
Saint-Jean-Baptiste,99
3e Rang,97
Bouchard,97
Bernard,96
Tilleuls,96
Fortin,95
5e Rang,95
Saint-Laurent,94
Cerisiers,94
Caron,94
Colibris,93
Laurier,92
Frênes,92
Industrielle,92
Golf,91
Saint-Antoine,91
Loisirs,91
Desjardins,91
Lapointe,91
Plateau,90
Gare,90
7e Rang,90
Raymond,88
Cyprès,88
Coteau,87
Cloutier,86
Lavoie,86
Champagne,86
Pont,85
Station,85
Cartier,84
Collège,84
Mercier,83
Leclerc,83
Beaulieu,83
Falaise,82
Hébert,82
Bergeron,81
Martel,80
Simard,80
Leblanc,80
Poirier,80
Gagné,79
Prés,79
Sources,79
Montcalm,78
Anse,78
Baie,77
10e Rang,76
Couvent,75
1re Rue,75
Plaines,75
6e Avenue,75
Plage,74
7e Avenue,73
Saint-Michel,73
Perreault,73
9e Rang,73
Vallée,72
Félix-Leclerc,72
Pinsons,72
Perdrix,71
Cap,71
8e Avenue,71
Parent,70
Boucher,70
Beaudoin,70
Hôtel-de-Ville,70
Saint-Denis,69
Paradis,69
Source,69
8e Rang,69
Lefebvre,69
Fournier,68
Moreau,68
Marguerites,68
Iris,68
Sables,68
Rocher,67
2e Rue,67
Guy,67
Saint-Thomas,66
Nadeau,66
Grenier,65
Sommet,65
Tulipes,65
Jean-Lesage,65
Demers,65
Villeneuve,65
Claude,64
Blais,64
Cardinal,64
Girard,64
1er Rang,64
Lessard,64
Lévesque,64
Dupuis,64
Bédard,63
Bertrand,63
Bernier,63
Albert,63
Rousseau,63
Allard,63
Ménard,63
4e Rue,63
Landry,62
Cascades,62
Papineau,62
Merles,62
École,62
Hamel,61
9e Avenue,61
Tourterelles,61
Érablière,61
Vallon,61
Grande-Ligne,61
Bord-de-l'Eau,61
Boisvert,60
Dubé,60
Paix,60
Dion,60
3e Rue,60
Couture,60
Maisonneuve,59
Normandie,59
Sous-Bois,59
Charbonneau,58
Hêtres,58
Lacroix,58
Langlois,57
Barrage,57
Rive,57
Labelle,57
Ouellet,57
Pointe,57
André,57
Aéroport,56
Belvédère,56
Michel,56
Lemieux,56
Lafontaine,56
Seigneurie,55
Chapelle,55
Pommiers,55
Turcotte,55
Picard,55
Victoria,55
Fortier,55
Frontenac,55
Beauséjour,54
Beauregard,54
Maurice,54
Étang,54
Marcel,54
Renaud,54
Portage,54
10e Avenue,54
Daniel,54
Richelieu,54
Lambert,54
Saint-Henri,54
Racine,53
Champs,53
Dubois,53
Proulx,53
Leduc,53
Beaudry,53
Normand,52
Thibault,52
Lauzon,52
Sittelles,52
Presqu'île,52
Sorbiers,52
Lapierre,52
Sainte-Thérèse,52
Plante,52
5e Rue,51
Savane,51
Dollard,51
Poulin,51
Saint-Luc,51
Jean,50
Jacques,50
Bocage,50
Carrière,50
Clément,50
Gosselin,50
Aulnes,50
Gravel,50
Jonquilles,50
Jacques-Cartier,49
Chalets,49
Traverse,49
Pivoines,49
Dumas,49
Saint-Édouard,49
Saint-Philippe,49
Fougères,49
11e Rang,49
Parc-Industriel,48
Lemay,48
Cimetière,48
Perron,48
Souvenir,48
Ducharme,48
Beaupré,48
Georges,48
Laval,48
Langevin,48
Havre,48
Geais-Bleus,48
11e Avenue,47
Pruches,47
David,47
Violettes,47
Marais,47
Michaud,47
Huards,47
Laflamme,46
Bellerive,46
Noyers,46
Denis,46
Bosquet,46
Dufresne,46
Legault,46
6e Rue,46
Paré,46
Gendron,46
Bérubé,46
Giroux,46
Vanier,46
Isabelle,46
Alouettes,46
12e Avenue,45
Muguets,45
Garneau,45
Houle,45
Gilles,45
Versant,45
Sainte-Catherine,45
Cyr,45
Centre,45
Vincent,44
Hérons,44
Grives,44
Outardes,44
Roger,44
Giguère,44
Grégoire,44
Fauvettes,44
Versailles,44
Radisson,44
Manoir,44
Archambault,44
Forget,43
Smith,43
Sapinière,43
Pilon,43
Paquette,43
Lorraine,43
Beaumont,43
Benoit,43
Aqueduc,43
Gilbert,43
Desrosiers,43
Marie-Victorin,43
Paquin,43
René,43
7e Rue,43
Lavallée,43
Meunier,42
Tessier,42
Pierre,42
Cormiers,42
Chutes,42
4e Rang Ouest,42
Nord,42
Forest,42
Savard,42
Goulet,42
Therrien,42
Louise,42
Lys,42
Boivin,41
Roses,41
Gouin,41
Fraser,41
Bois-Francs,41
Verger,41
Sarcelles,41
Mathieu,41
Å’illets,41
Promenade,41
Dionne,40
Sauvé,40
Robitaille,40
8e Rue,40
Industriel,40
Fréchette,40
Alain,40
Gervais,40
Potvin,40
Vézina,40
Marchand,40
Beauchemin,40
5e Rang Ouest,39
Trudeau,39
Maple,39
Napoléon,39
Sainte-Marguerite,39
Brodeur,39
13e Avenue,39
Rivage,39
Trépanier,39
Croix,39
Brassard,39
Fontaine,39
Wilson,39
Desrochers,38
Lévis,38
Germain,38
Noël,38
Talbot,38
Rolland,38
Charles,38
Brunet,38
Lesage,38
Monette,38
Patriotes,38
Bois,38
Guay,38
Julien,38
Alexandre,38
Saint-Germain,38
Mine,38
Lavigne,38
Rivard,38
Bégin,38
Joly,38
Ross,38
Lussier,38
Bernaches,37
Laurentides,37
Saint-Marc,37
14e Avenue,37
Marronniers,37
Fleury,37
Drouin,37
9e Rue,37
Tanguay,37
Coulombe,37
Marquis,37
Carignan,37
Masson,37
4e Rang Est,37
Principale Ouest,37
Labonté,37
Saint-Isidore,37
Lachance,37
Bourgeois,37
Lafleur,37
Écureuils,37
132,37
5e-Rang,36
Rosiers,36
Dumont,36
Lajeunesse,36
Île,36
Lamarche,36
Bourassa,36
Laporte,36
Robillard,36
Léonard,36
Saint-Alphonse,36
Marcotte,36
Jacinthes,36
Goélands,36
Séguin,36
Carillon,36
3e Rang Est,36
Paul,36
Artisans,35
Centrale,35
16e Avenue,35
Charron,35
Labrecque,35
Clairière,35
7e-Rang,35
Lamoureux,35
Dufour,35
Sablière,35
15e Avenue,35
Gingras,35
Iberville,35
Cormier,35
Vaillancourt,35
Alfred,35
Principale Est,35
Larocque,35
Murray,35
Sylvain,34
Royale,34
Viau,34
6e-Rang,34
Savoie,34
138,34
Turgeon,34
Castors,34
Berges,34
Lafrance,34
10e Rue,34
Lamontagne,34
Chouinard,34
Arthur,34
Tour,34
Martineau,34
3e Rang Ouest,34
Beauchamp,34
William,34
Ouimet,34
Bélair,34
Ferland,33
Girouard,33
Saint-Gabriel,33
Lachapelle,33
Éperviers,33
Chabot,33
Bilodeau,33
Orchidées,33
Harvey,32
Chartier,32
Chevalier,32
Étangs,32
Rochon,32
Laroche,32
Labrie,32
Léger,32
Fleuve,32
Létourneau,32
Labbé,32
Jean-Talon,32
Chénier,32
Adam,32
Comtois,32
Thomas,32
Bolduc,32
Duval,32
Forêt,32
Grand-Duc,32
Lalonde,32
5e Rang Est,32
Boyer,32
Orléans,32
Bretagne,32
Chapleau,32
20e Avenue,32
Dieppe,32
Provencher,31
Hélène,31
Roberge,31
Larouche,31
Pépin,31
Lebel,31
Rapides,31
Faubourg,31
Comeau,31
Barrette,31
Vachon,31
Brown,31
Prévost,31
Deschamps,31
Provost,31
Deschênes,31
18e Avenue,31
Muguet,31
Bisson,31
Olivier,31
Thibodeau,31
Chantal,31
Henri,31
Chardonnerets,31
Viger,31
Pensées,31
Horizon,31
Rossignols,30
Benoît,30
Sentier,30
4e-Rang,30
Dorion,30
Massé,30
Sainte-Cécile,30
Mistral,30
Pascal,30
Morel,30
Village,30
Deslauriers,30
Doucet,30
Nelson,30
2e Rang Ouest,30
Corbeil,30
Aubin,30
Jeanne-Mance,30
Lépine,30
Ouellette,30
Vieux-Moulin,30
Laliberté,29
Dupont,29
Beausoleil,29
Piché,29
Campbell,29
Pine,29
Saint-Maurice,29
Centenaire,29
Ferme,29
Vaudreuil,29
Îles,29
Auger,29
Duvernay,29
25e Avenue,29
Saint-Gérard,29
Armand,29
Malards,29
Pruniers,29
Scott,29
Filion,29
2e Rang Est,29
Ancêtres,29
Audet,29
Anjou,29
Bourgogne,29
Elm,29
Lac-Clair,29
Guertin,29
Aigle,29
Cerfs,29
Buissons,29
Lacasse,29
Laviolette,29
Larochelle,28
Durocher,28
Coulée,28
Saint-Étienne,28
Daigle,28
Lafrenière,28
Aigles,28
King,28
Prairies,28
Philippe,28
Trudel,28
Saint-Roch,28
Vallières,28
Messier,28
Bissonnette,28
Sanctuaire,28
Paquet,28
Carrier,28
Asselin,28
Laberge,28
Tour-du-Lac,28
Hauts-Bois,28
Buisson,28
Gérard,28
Faucons,28
Repos,28
Cousineau,28
17e Avenue,28
Valois,28
Rioux,28
Veilleux,28
Huard,28
Kelly,28
Tardif,28
Chambord,28
Dallaire,28
Vimy,27
Laplante,27
Hauteurs,27
Rodrigue,27
Saint-Vincent,27
Latour,27
Saint-François-Xavier,27
Roselins,27
12e Rang,27
Simon,27
Pouliot,27
Béliveau,27
Breton,27
Desmarais,27
Josée,27
Croteau,27
Kennedy,27
Laurin,27
Leroux,27
Rouleau,27
Saint-Léon,27
Picardie,27
Lac-Vert,27
Jolicoeur,27
Cadieux,27
Clermont,27
6e Rang Ouest,27
Capucines,27
Marcoux,27
Saint-Augustin,27
Nicole,27
Boileau,27
Champêtre,27
Robinson,27
Principale Nord,27
Bon-Air,26
Bourque,26
Denise,26
Roseaux,26
Domaine-du-Lac,26
Forges,26
Grande Ligne,26
Lajoie,26
Commerciale,26
Pagé,26
Noisetiers,26
Prince,26
Madeleine,26
Brochu,26
Charest,26
Godbout,26
Sainte-Hélène,26
Godin,26
23e Avenue,26
Sucrerie,26
Lepage,26
Principale Sud,26
Richer,26
Taché,26
Boisés,26
Galets,26
Bastien,26
Marquette,26
La Salle,26
Taschereau,26
Bonaventure,26
Conifères,26
Major,26
Geai-Bleu,26
Belmont,26
Bourget,26
Dubuc,26
Cerf,26
Chevreuils,26
Brise,26
Émile,26
Béland,26
11e Rue,26
Albatros,26
Cedar,25
Colibri,25
Nancy,25
Rubis,25
Château,25
19e Avenue,25
Édouard,25
Saint-Dominique,25
Diane,25
Drapeau,25
Sylvie,25
Lise,25
Gauvin,25
Monique,25
Chute,25
Acier,25
12e Rue,25
Saint-Martin,25
Brière,25
21e Avenue,25
Bel-Air,25
Saint-Patrick,25
Provence,25
22e Avenue,25
Rachel,25
Beaulac,25
Réserve,25
Charlebois,25
3e-Rang,25
Larose,25
Brébeuf,25
Chopin,25
Verchères,25
Aubry,25
Fillion,25
Bosquets,25
Industrie,25
Pasteur,25
Roitelets,24
Jetté,24
Valiquette,24
Delorme,24
2e-Rang,24
Sartigan,24
Boisjoli,24
Lacs,24
Dominique,24
Dumais,24
Monts,24
Puits,24
Jasmin,24
Grande Allée,24
Gélinas,24
Lafond,24
Cécile,24
Plaisance,24
Glaïeuls,24
Yvon,24
Pluviers,24
Brosseau,24
Brunelle,24
Johnson,24
Bégonias,24
Plamondon,24
Cimes,24
Tournesols,24
Daoust,24
Lanthier,24
Auclair,24
Chambly,24
Baron,24
Genévriers,24
Foyer,24
Dahlias,23
Colbert,23
132 Est,23
Lucerne,23
D'Auteuil,23
7e Rang Ouest,23
Blanchard,23
Genest,23
Larivière,23
132 Ouest,23
Charette,23
Lac-Brochet,23
Florence,23
Plourde,23
Gamache,23
Baril,23
Sainte-Julie,23
Saint-Hubert,23
Mouettes,23
Riverains,23
Perce-Neige,23
Rivest,23
Guillemette,23
Soleil,23
Phare,23
Soucy,23
Blouin,23
Alsace,23
Carmen,23
Butte,23
René-Lévesque,23
Robin,23
Wolfe,23
Doyon,23
Boudreau,23
Cantons-de-l'Est,23
Lemire,23
Sabourin,22
Pignons,22
Sirois,22
Légaré,22
Rainville,22
Fiset,22
Saint-Rémi,22
Craig,22
Grondin,22
MacDonald,22
Brûlé,22
Francine,22
Jeanne-d'Arc,22
Manon,22
Saint-Onge,22
8e-Rang,22
Châteauguay,22
Mario,22
Concorde,22
Chanterelles,22
Pigeon,22
Garnier,22
Pinard,22
Beaudet,22
Wilfrid,22
Gatineau,22
Brousseau,22
Montpellier,22
Blanchette,22
Morissette,22
Saint-Albert,22
Nathalie,22
Saint-Patrice,22
Orioles,22
Bordeaux,22
Calixa-Lavallée,22
Lacombe,22
Pellerin,22
Boulanger,22
Grands-Ducs,22
Évangéline,22
Perras,22
Castonguay,22
Dagenais,21
Hameau,21
Touraine,21
Massicotte,21
Limoges,21
Nénuphars,21
Bruants,21
Doré,21
Éthier,21
Lebrun,21
Gaudet,21
Loiselle,21
14e Rue,21
Churchill,21
Ladouceur,21
Hubert,21
Émile-Nelligan,21
Huot,21
Acadie,21
Crevier,21
Lausanne,21
Rivière-de-la-Boule,21
Lupins,21
Cédrière,21
6e Rang Est,21
Camping,21
Saint-Viateur,21
Duchesne,21
Pierre-Laporte,21
Panet,21
Caroline,21
Panorama,21
Cherbourg,21
Canal,21
Chagnon,21
Parulines,21
Épervier,21
Patenaude,21
Bousquet,21
Saint-Alexandre,21
Chamberland,21
Saint-Hilaire,21
Bellefeuille,21
Boischatel,21
Arsenault,21
Dumouchel,21
Saint-Nicolas,21
24e Avenue,21
Quatre-Saisons,21
Goyer,20
26e Avenue,20
Hamilton,20
Chartrand,20
Renard,20
Rochefort,20
Lac-à-la-Truite,20
Allen,20
Orignal,20
Campeau,20
Hillcrest,20
Louis-Hébert,20
Marina,20
Marion,20
Mer,20
Amyot,20
Borduas,20
27e Avenue,20
Prévert,20
Gabrielle-Roy,20
Baillargeon,20
Perrier,20
Touchette,20
Bélisle,20
Tracy,20
Grève,20
Aréna,20
Sacré-Coeur,20
Hudon,20
Murphy,20
Corriveau,20
8e Rang Est,20
112,20
Dugas,20
Pointes,20
Duhamel,20
Lac-des-Français,20
Saint-Félix,20
Colombes,20
Jolliet,20
Domaine-Bruneau,20
Bruno,20
Elizabeth,20
Chapais,20
Levasseur,20
Léo,20
Lamothe,20
Julie,20
Toulouse,20
Géraniums,20
Marguerite-Bourgeoys,20
L'Heureux,20
Réjean,20
Bassin,20
Houde,20
Guérin,20
Éric,20
Pinède,20
1er-Rang,20
La Rochelle,20
Vétérans,20
Nicolas,20
Goyette,20
Plaine,20
Binette,20
Duquette,20
Carrefour,20
Héron,20
Gariépy,19
Émeraude,19
Paris,19
Gaston,19
Arc-en-Ciel,19
Guilbault,19
Carrières,19
Luc,19
Bouffard,19
Berger,19
Énergie,19
Yamaska,19
7e Rang Est,19
Providence,19
30e Avenue,19
France,19
Dussault,19
Quatre-Vents,19
Seigneurs,19
9e-Rang,19
Laforest,19
Relais,19
Thériault,19
Church,19
Galet,19
François,19
Desroches,19
Hudson,19
Laurent,19
Nantel,19
Charpentier,19
Roberval,19
1re Rue Ouest,19
Neiges,19
Châtaigniers,19
Claire,19
Brisson,19
James,19
Loire,19
Jardin,19
Sévigny,19
Routhier,19
Pavillon,19
Carouges,19
Payette,19
Clark,19
Taylor,19
Ruisseaux,19
Marseille,19
Marché,19
Chaumont,19
Oasis,19
Crémazie,19
Saint-David,19
Pétunias,19
Marcil,19
Union,19
Cantin,19
Groulx,19
Bois-Joli,19
Gareau,19
Charlevoix,19
34e Avenue,19
Linda,19
Frenette,18
1re Avenue Ouest,18
Prairie,18
Ours,18
Boutin,18
Jourdain,18
Mailloux,18
Leblond,18
Tétreault,18
Boisclair,18
Langelier,18
29e Avenue,18
Fleurs,18
Moissons,18
Maxime,18
Lucien,18
Sylvestre,18
Nadon,18
Terry-Fox,18
Montfort,18
36e Avenue,18
Bombardier,18
Beaurivage,18
Desaulniers,18
Pervenches,18
Nantes,18
Double,18
Desbiens,18
Lasalle,18
Bonin,18
Fabre,18
Gaspé,18
Lavergne,18
Anémones,18
Montreuil,18
Durand,18
15e Rue,18
Lièvre,18
Brisebois,18
Sainte-Geneviève,18
16e Rue,18
Dublin,18
Thérèse,18
Poitou,18
Camélias,18
Angers,18
Bibeau,18
Auvergne,18
Davis,18
Salaberry,18
Saint-Alexis,18
Prud'homme,18
Jeannine,18
Marc-Aurèle-Fortin,18
31e Avenue,18
Patrick,18
28e Avenue,18
Roi,18
Cygnes,18
Gaétan,18
Choquette,18
Poitras,18
Vents,18
Beauchesne,18
Matte,18
Sorel,18
1re Rue Est,18
St-Pierre,18
Villas,18
Stanley,18
Riendeau,18
Nicolet,18
Joseph,18
York,17
Louis,17
Marguerite,17
39e Avenue,17
Henri-Bourassa,17
Loranger,17
Lebeau,17
Lac-Long,17
Calais,17
Collin,17
Fernand,17
41e Avenue,17
Coquelicots,17
Yves,17
Vieux-Pont,17
Oak,17
Louis-Riel,17
Plouffe,17
Bécassines,17
Patrimoine,17
13e Rue,17
Simoneau,17
Rosaire,17
Patry,17
Duclos,17
Charente,17
Héritage,17
Berthier,17
17e Rue,17
Belleville,17
Vieux Chemin,17
Bérard,17
Aubé,17
Bourdon,17
Côte,17
Hiboux,17
Réal,17
Saint-Émile,17
Lionel,17
Maltais,17
Reid,17
Draveurs,17
Rondeau,17
Birch,17
Grenoble,17
Jonathan,17
Brazeau,17
Delisle,17
1re Avenue Est,17
Lalande,17
Jardins,17
Racicot,17
Mozart,17
Terrebonne,17
Venne,17
Berge,17
Sainte-Famille,17
Belleau,17
Bureau,17
Léveillé,17
8e Rang Ouest,17
Camille,17
Letendre,17
Manseau,17
Ricard,17
Hillside,17
Vigneault,17
Ravel,17
Normandin,17
Beauvais,17
Mercure,17
Lord,17
Coursol,17
3e Avenue Ouest,17
Chevreuil,17
Duplessis,17
Christian,17
Mailhot,16
Église Nord,16
Rossignol,16
Saint-Christophe,16
Avenir,16
Hamelin,16
Bell,16
Duguay,16
Cormorans,16
Beaubien,16
Rhéaume,16
Oblats,16
River,16
Joliette,16
Petite-Rivière,16
Oliviers,16
Amitié,16
Carole,16
Faucher,16
13e Rang,16
Hall,16
Harfangs,16
Marc,16
Fontainebleau,16
Suzanne,16
Préfontaine,16
Mousseau,16
De Salaberry,16
Gélinottes,16
Marceau,16
18e Rue,16
Decelles,16
Mairie,16
Champoux,16
Maskinongé,16
Dunes,16
Étoile,16
Principal,16
Charland,16
Gisèle,16
Chamonix,16
Milton,16
Ville-Marie,16
Lionel-Groulx,16
Gabriel,16
La Vérendrye,16
Église Sud,16
Lucie,16
Boulet,16
Berthiaume,16
Lafortune,16
Moisan,16
Suzor-Coté,16
Dorval,16
Lakeview,16
Sainte-Croix,16
Longpré,16
Hibou,16
Marois,16
Coteaux,16
Magnan,16
Molière,16
Petit,16
Adrien,16
Petit Rang,16
Sainte-Madeleine,16
Legendre,16
Monaco,16
Avignon,16
Bordeleau,16
38e Avenue,16
Samson,16
Malo,16
Forge,16
10e-Rang,16
Lac-Croche Nord,16
Valmont,16
Baker,16
Nobel,16
Lac-Sébastien,16
Jean-XXIII,16
40e Avenue,16
Nordet,16
Alfred-Pellan,16
Meilleur,16
Sébastien,16
Guimond,16
2e Avenue Ouest,16
Saguenay,16
Récollets,16
19e Rue,16
Montpetit,16
Elgin,16
Miron,15
Fondateurs,15
Victor,15
Cabot,15
Galipeau,15
Jodoin,15
Jean-Paul-Riopelle,15
Élisabeth,15
Bois-Franc,15
De La Vérendrye,15
Martinets,15
Anne-Hébert,15
Esplanade,15
Jobin,15
Latulippe,15
5e Avenue Ouest,15
Royal,15
Bienvenue,15
Méandres,15
Bigras,15
Paul-Émile-Borduas,15
Stéphane,15
D'Iberville,15
Stewart,15
Jacob,15
Price,15
Maricourt,15
Juneau,15
Copains,15
116,15
Crescent,15
Deslandes,15
Hervé,15
Pente-Douce,15
Verreault,15
D'Youville,15
Sigouin,15
Lagacé,15
Graham,15
Tadoussac,15
Simpson,15
Saint-Bernard,15
Brien,15
Émeraudes,15
Voiliers,15
Chouettes,15
43e Avenue,15
Hardy,15
Chomedey,15
Gaudreau,15
Ardennes,15
Terrasse,15
Edmond,15
Boily,15
Saint-Ignace,15
Gouverneurs,15
Ermitage,15
La Fontaine,15
Léopold,15
Gaudreault,15
Seigneuriale,15
Théberge,15
De Bienville,15
Rivière Nord,15
161,15
Saphir,15
Mitchell,15
Hector,15
Dufferin,15
Émond,15
Sicard,15
Thibeault,15
Bellemare,15
Crépuscule,15
32e Avenue,15
Écluse,15
Lortie,15
Thompson,15
10e Rang Est,15
Croissant,15
Ruisselet,15
Drolet,15
Marier,15
33e Avenue,15
Beaujolais,15
Lefrançois,15
Sizerins,15
35e Avenue,15
Guindon,15
Ravin,15
Cossette,15
Daigneault,15
Dijon,15
Rocheleau,15
2e Avenue Est,15
Mill,15
3e Avenue Est,15
Saint-Eugène,15
Francis,15
Héroux,15
Hydrangées,15
Alexis,14
Chassé,14
Sunset,14
Pacifique,14
Lynx,14
Belle-Vue,14
Alice,14
Briand,14
Bourbeau,14
Pélicans,14
Vinaigriers,14
Lac-Blanc,14
Marconi,14
A,14
4e Avenue Ouest,14
Brouillard,14
Sénécal,14
Colette,14
Moore,14
Lac-Rond,14
Dumoulin,14
Fafard,14
Dupras,14
Faisans,14
White,14
Pie-XII,14
Gordon,14
Faucon,14
Marie-Anne,14
Laflèche,14
Sainte-Claire,14
Fauteux,14
Châteauneuf,14
Pommetiers,14
Allaire,14
Fleurie,14
Millette,14
Poupart,14
Amandiers,14
Prés-Verts,14
Tassé,14
Cordon,14
Myosotis,14
1er Rang Ouest,14
Narcisses,14
Corniche,14
Val-des-Bois,14
Foucault,14
2e Rue Ouest,14
Laure-Conan,14
Vivaldi,14
Francoeur,14
Saint-Clément,14
Randonnée,14
Saint-Edmond,14
Ranger,14
Déry,14
Refuge,14
22e Rue,14
Campanules,14
Saint-Simon,14
Coutu,14
Guénette,14
Leclair,14
Sainte-Élisabeth,14
20e Rue,14
Sainte-Lucie,14
Bessette,14
Samares,14
Riel,14
Harmonie,14
Canards,14
Alma,14
Crête,14
Métivier,14
3e Rue Est,14
Mongeau,14
Riviera,14
Montclair,14
Adélard,14
Taillon,14
3e Rue Ouest,14
4e Rang Sud,14
Cardinaux,14
Terroir,14
Biron,14
Mountain,14
Roland,14
Tournesol,14
21e Rue,14
Townline,14
Limousin,14
Trottier,14
Royer,14
Neveu,14
Louis-Fréchette,14
Nice,14
Louis-Hémon,14
Vendôme,14
Louisbourg,14
Victor-Hugo,14
Loutre,14
Jogues,14
Saint-Alfred,14
Voyer,14
Saint-Benoît,14
Williams,14
De La Salle,14
Saint-Bruno,14
Valcourt,13
Sherbrooke,13
Argenteuil,13
Lanctôt,13
Dubreuil,13
Bellechasse,13
Saint-Ours,13
Coopérative,13
Chalifoux,13
Languedoc,13
Hétu,13
Primevères,13
Mûriers,13
Arthur-Buies,13
Pont-Couvert,13
Laprise,13
Grotte,13
Parker,13
Mauriac,13
Caisse,13
10e Rang Ouest,13
Cigales,13
Miller,13
Laurence,13
Beauport,13
Queen,13
2e Rue Est,13
Quévillon,13
Bourdeau,13
Côtes,13
Notre-Dame Ouest,13
Couillard,13
Willow,13
Laverdure,13
Barbeau,13
Courchesne,13
Papillon,13
Cournoyer,13
Dolbeau,13
Rémi,13
Méandre,13
Kirouac,13
Melançon,13
Arcand,13
Champigny,13
Canadienne,13
Alpes,13
Auberge,13
Hertel,13
Richmond,13
Mondor,13
Ringuet,13
Montagnards,13
Lehoux,13
Félix,13
Riverside,13
Boulogne,13
Riverview,13
Toupin,13
Gamelin,13
Lalemant,13
Pelchat,13
Varennes,13
148,13
Écossais,13
Curé-Labelle,13
Walker,13
Robichaud,13
Alexander,13
Garon,13
Balzac,13
Roche,13
Beloeil,13
D'Amours,13
4e Avenue Est,13
D'Argenson,13
Picasso,13
Claudette,13
Salle,13
Rose,13
Aline,13
117,13
Benjamin,13
Rouen,13
Sault,13
Blizzard,13
Alizé,13
Roussillon,13
Bonneau,13
Blondin,13
Pilote,13
Danielle,13
Sentiers,13
Danis,13
Brunante,13
Bromont,13
Milan,13
Saint-Aimé,13
Ozias-Leduc,13
Paiement,13
Alphonse,13
Cascade,13
Bouchette,13
Club,13
St-Onge,13
Palais,13
Honfleur,13
Caserne,13
Sullivan,13
Petit-Bois,13
Favreau,13
Casgrain,13
Fer-à-Cheval,13
Décarie,13
Morency,13
Bâtisseurs,13
Arpents-Verts,13
Lac-Grenon,13
Torrent,13
Delage,13
Plessis,13
Castor,13
Filiatrault,13
Bachand,13
Turcot,13
Goupil,13
Jade,13
Catherine,13
Notre-Dame Est,13
Saint-Hyacinthe,13
Chevaliers,13
42e Avenue,13
Joffre,13
Denonville,13
Chevrier,13
143,13
Ostiguy,13
Gratton,13
Saint-Olivier,13
Lamy,13
Fleur-de-Lys,12
Dulude,12
Montgomery,12
Entente,12
Rouillard,12
Brossard,12
Assomption,12
Kent,12
Tellier,12
Cliche,12
Nault,12
Jutras,12
Prieur,12
Davidson,12
Brault,12
Ginette,12
Framboisiers,12
Fontenelle,12
Boulay,12
Lucioles,12
4e Rue Est,12
Appalaches,12
Trappeur,12
De Gaulle,12
Raby,12
Eugène,12
Pomerleau,12
Lac-Croche Sud,12
Écoliers,12
Lavoisier,12
Volière,12
Patrice,12
Dubeau,12
Lawrence,12
Léveillée,12
Main,12
6e Avenue Ouest,12
Entreprises,12
Amboise,12
Rémillard,12
Académie,12
Saint-Guillaume,12
Morillons,12
Courtemanche,12
Charlemagne,12
Frontière,12
Alarie,12
Bergerac,12
Commissaires,12
Cayer,12
Nelligan,12
Saint-Joachim,12
Newton,12
Grand-Héron,12
Vauquelin,12
Saint-Julien,12
Chenonceau,12
Grand-Pré,12
O'Brien,12
Dépôt,12
Roux,12
Forgeron,12
Vinet,12
Marie,12
Aquilon,12
Marie-Rollet,12
Chantilly,12
Saint-Sauveur,12
Highland,12
Ridge,12
Mont-Blanc,12
Galais,12
Hôpital,12
Artois,12
Collines,12
Guillaume,12
Libellules,12
Christophe-Colomb,12
Montmartre,12
Falardeau,12
Bruneau,12
Châtelaine,12
Duchesneau,12
Faubert,12
Ernest,12
Samuel,12
Gauvreau,12
Rita,12
Auteuil,12
Santerre,12
Morneau,12
Bonheur,12
Quesnel,12
Fort,12
Geais,12
McDonald,12
Feuillus,12
5e Avenue Est,12
Trèfles,12
1er Rang Est,12
Ancolies,12
Sauriol,12
Lizotte,12
Cadillac,12
Anderson,12
Sauvignon,12
Poisson,12
Président-Kennedy,12
Bruyère,12
Foster,12
Dupré,12
Scierie,12
André-Mathieu,12
Meloche,12
4e Rue Ouest,12
3e Rang Nord,12
Noroît,12
216,12
Pré,12
Rivière Sud,12
Flandres,12
Joncs,12
Oiselet,12
Henri-Dunant,12
Ontario,12
Doyle,12
Genève,12
4e Rang Nord,12
Blois,12
Kempt,12
Pépinière,12
Bossuet,12
Cameron,12
Berry,12
55e Avenue,12
Soleil-Levant,12
Cusson,12
Omer,11
Saturne,11
Russell,11
Lecompte,11
8e Rang Sud,11
Abeilles,11
Condor,11
Accueil,11
Turmel,11
Ledoux,11
Frédéric,11
Mimosas,11
Saint-Malo,11
Laverdière,11
Pontiac,11
Épervières,11
Jackson,11
263,11
Pauline,11
Letellier,11
Poitiers,11
Descartes,11
Jarry,11
Debussy,11
Vénus,11
9e Rang Est,11
Asters,11
Duberger,11
Garceau,11
Brome,11
Seine,11
Quartz,11
Rivière-Noire,11
St-Laurent,11
Wood,11
Péninsule,11
Aube,11
Bisaillon,11
Jacqueline,11
Jouvence,11
Arpin,11
Maheu,11
Neuville,11
Panneton,11
Bussières,11
Outaouais,11
L'Écuyer,11
Avila,11
Chauveau,11
Sud,11
Dauphin,11
37e Avenue,11
Verdier,11
Le Moyne,11
Cherrier,11
Pronovost,11
Karine,11
Pâquerettes,11
Des Groseilliers,11
Liège,11
Jésuites,11
Germaine-Guèvremont,11
Bouvier,11
Brises,11
Douglas,11
Saint-Yves,11
Lac-Noir,11
Duchesnay,11
Réservoir,11
Sainte-Agathe,11
Chicoine,11
Alfred-DesRochers,11
Saint-Norbert,11
Dansereau,11
Galarneau,11
Laframboise,11
Lacoste,11
Després,11
Saint-Cyrille,11
Colonie,11
Denault,11
Gosford,11
Aubert,11
Barrière,11
Neptune,11
Riopel,11
Néron,11
Morgan,11
Mans,11
Arnold,11
Rougemont,11
Alfred-Laliberté,11
Renoir,11
Landreville,11
Flamants,11
Casavant,11
8e Rang Nord,11
Sainte-Jeanne-d'Arc,11
Locas,11
Lahaie,11
Lyon,11
Thérèse-Casgrain,11
Saint-Jude,11
Détente,11
Jean-Paul-Lemieux,11
Moulins,11
Grand-Pic,11
Pied-de-la-Montagne,11
Verdure,11
Bourbonnais,11
De Léry,11
Diamants,11
Bujold,11
Thivierge,11
Jeanne,11
Bourbonnière,11
Judith-Jasmin,11
Charny,11
Dalhousie,11
Thuyas,11
Octave,11
Espérance,11
Oka,11
Topaze,11
Cristal,11
Bazinet,11
Des Ormeaux,11
Bourdages,11
Anna,11
Irène,11
Joseph-Armand-Bombardier,11
Lindsay,11
Saint-Mathieu,11
Lapalme,11
Longueuil,11
Albanel,11
Port-Royal,11
Iroquois,11
Ardoise,11
Jones,11
Otis,11
Bleuetière,11
Passe,11
Jacinthe,11
50e Avenue,11
Lalancette,11
Phaneuf,11
Dunant,11
Robertson,11
Chablis,11
Saint-RaphaÃ«l,11
Holmes,11
Cochrane,10
Baie-Noire,10
Rollin,10
Eau-Vive,10
Namur,10
Eaux-Vives,10
Quirion,10
Edison,10
Desautels,10
Beau-Site,10
Dufort,10
Élie,10
Oxford,10
Beaudin,10
Poliquin,10
Beauharnois,10
Cran,10
Escale,10
De Quen,10
Étienne,10
Sherwood,10
Étudiants,10
Donald,10
Fabien,10
Yves-Thériault,10
Beauvoir,10
Opale,10
Bécancour,10
Passage,10
Falaises,10
Piedmont,10
Faribault,10
Primeau,10
44e Avenue,10
Rapide,10
45e Avenue,10
Riopelle,10
Belcourt,10
Saint-Claude,10
Bellavance,10
Dépotoir,10
Foisy,10
Scouts,10
Forand,10
Désy,10
Forestiers,10
Taillefer,10
122,10
Ursulines,10
Fribourg,10
Voltaire,10
Gaboury,10
Montmagny,10
Bergevin,10
Choinière,10
51e Avenue,10
Ottawa,10
Gascon,10
Cime,10
Besner,10
Péloquin,10
56e Avenue,10
Pichette,10
Gendreau,10
Arbrisseaux,10
Généreux,10
Poplar,10
Geneviève,10
Quatre-Temps,10
Giard,10
Rancourt,10
Blain,10
Renaissance,10
Gilmour,10
Rigaud,10
Blanchet,10
Rocailles,10
5e Rang Nord,10
Roussel,10
Godard,10
Saint-Joseph Ouest,10
Gore,10
Saint-Victor,10
Grimard,10
Sainte-Ursule,10
65e Avenue,10
Sauvageau,10
Bolets,10
Senneville,10
Guylaine,10
Sillery,10
Bonne-Entente,10
Spirées,10
139,10
Strasbourg,10
Bossé,10
Terrasse-de-Luxe,10
7e Avenue Ouest,10
Banville,10
Huguette,10
Varin,10
Boulianne,10
Verdun,10
Bourgade,10
Wellington,10
Jalbert,10
Amarantes,10
Jean-Guy,10
Morilles,10
Boutons-d'Or,10
Noiseux,10
Jean-Pierre,10
Olympia,10
Jeannotte,10
Orchard,10
Jérôme,10
Angèle,10
Johanne,10
Chrysanthèmes,10
John,10
Park,10
Breault,10
Claudel,10
Joyal,10
Perrault,10
Jules-Verne,10
Coderre,10
105,10
Pie-IX,10
Lac-Capri,10
Plages,10
Lacerte,10
Poissant,10
9e Rang Ouest,10
Pommeraie,10
Bruxelles,10
Pothier,10
Buis,10
Cornouillers,10
Buses,10
Quenouilles,10
Cabana,10
Rabelais,10
Laprade,10
RaphaÃ«l,10
Aberdeen,10
Reine,10
Laurendeau,10
Courville,10
Calvaire,10
Crépeau,10
Acadiens,10
Rimbaud,10
Lenoir,10
Robidoux,10
Caps,10
Rodier,10
Cardin,10
Dalpé,10
Carmel,10
Ryan,10
Lisieux,10
640,10
Carpentier,10
Saint-Jules,10
Lotus,10
Aurore,10
Carroll,10
Sainte-Foy,10
Louis-Jolliet,10
Sainte-Rose,10
Louvre,10
Samuel-De Champlain,10
Loyer,10
Sarrazin,10
Aimé,10
Savaria,10
Lupien,10
Desnoyers,10
Maher,10
Sève,10
Marcelle-Ferron,10
Sicotte,10
202,10
Bagot,10
Marie-Curie,10
Sophie,10
Marie-Rose,10
Diana,10
Martial,10
Sternes,10
Martine,10
Suroît,10
Chabanel,10
Domaine-Armstrong,10
Matane,10
Théorêt,10
McIntosh,10
Tourangeau,10
Mélanie,10
Turenne,10
Champagnat,10
Valade,10
Milieu,10
Venise,10
Milot,10
Verdi,10
Chapdelaine,10
Viens,10
Alphonse-Desjardins,10
Voyageurs,10
Monet,10
Windsor,10
Chaput,10
Chardonnay,10
Mont-Royal,10